{
    "loss": 0.12666791677474976,
    "accuracy": 0.9457364082336426
}