{
    "loss": 0.047680582851171494,
    "accuracy": 0.9813953638076782
}