{
    "loss": 0.8241976499557495,
    "accuracy": 0.882170557975769
}