{
    "loss": 0.23158510029315948,
    "accuracy": 0.9100775122642517
}